location,year,month,tmax,tmin,tmean
Adelaide,1996,1,27.25,14.62,20.93
Adelaide,1996,2,28.07,16.39,22.23
Adelaide,1996,3,27.19,15.41,21.3
Adelaide,1996,4,19.73,11.61,15.67
Adelaide,1996,5,19.3,9.28,14.29
Adelaide,1996,6,16.71,8.98,12.84
Adelaide,1996,7,15.14,7.89,11.51
Adelaide,1996,8,15.69,8.25,11.97
Adelaide,1996,9,18.08,9.32,13.7
Adelaide,1996,10,21.98,11.41,16.69
Adelaide,1996,11,22.54,12.51,17.53
Adelaide,1996,12,25.71,14.58,20.14
Adelaide,1997,1,29.04,17.76,23.4
Adelaide,1997,2,32.72,19.91,26.31
Adelaide,1997,3,23.18,13.07,18.13
Adelaide,1997,4,22.64,11.81,17.22
Adelaide,1997,5,17.54,9.65,13.6
Adelaide,1997,6,15.97,8.35,12.16
Adelaide,1997,7,14.6,5.66,10.13
Adelaide,1997,8,15.45,7.33,11.39
Adelaide,1997,9,18.33,10.3,14.32
Adelaide,1997,10,22.07,12.02,17.04
Adelaide,1997,11,26.35,14.99,20.67
Adelaide,1997,12,26.72,15.31,21.01
Adelaide,1998,1,29.24,17.23,23.23
Adelaide,1998,2,28.1,15.5,21.8
Adelaide,1998,3,26.7,15.11,20.9
Adelaide,1998,4,20.76,11.59,16.17
Adelaide,1998,5,19.91,11.12,15.52
Adelaide,1998,6,16.48,8.44,12.46
Adelaide,1998,7,14.87,6.65,10.76
Adelaide,1998,8,17.22,8.94,13.08
Adelaide,1998,9,20.27,10.55,15.41
Adelaide,1998,10,20.89,11.1,16.0
Adelaide,1998,11,24.33,13.24,18.78
Adelaide,1998,12,27.55,16.03,21.79
Adelaide,1999,1,31.19,18.36,24.78
Adelaide,1999,2,29.9,18.51,24.21
Adelaide,1999,3,24.4,14.98,19.69
Adelaide,1999,4,20.91,9.8,15.36
Adelaide,1999,5,19.01,10.48,14.75
Adelaide,1999,6,15.95,7.58,11.76
Adelaide,1999,7,16.09,8.43,12.26
Adelaide,1999,8,17.28,8.05,12.67
Adelaide,1999,9,20.66,10.93,15.8
Adelaide,1999,10,22.49,12.78,17.64
Adelaide,1999,11,22.77,12.72,17.75
Adelaide,1999,12,25.72,16.03,20.88
Adelaide,2000,1,28.32,17.38,22.85
Adelaide,2000,2,32.2,20.34,26.27
Adelaide,2000,3,26.28,16.01,21.14
Adelaide,2000,4,22.55,13.05,17.8
Adelaide,2000,5,17.5,9.42,13.46
Adelaide,2000,6,15.69,7.74,11.72
Adelaide,2000,7,15.71,7.81,11.76
Adelaide,2000,8,16.47,8.46,12.47
Adelaide,2000,9,19.61,10.69,15.15
Adelaide,2000,10,21.22,11.85,16.53
Adelaide,2000,11,27.62,17.12,22.37
Adelaide,2000,12,28.31,16.09,22.2
Adelaide,2001,1,33.71,20.29,27.0
Adelaide,2001,2,31.6,19.93,25.77
Adelaide,2001,3,25.47,14.44,19.95
Adelaide,2001,4,22.41,11.46,16.93
Adelaide,2001,5,18.87,9.07,13.97
Adelaide,2001,6,16.16,8.93,12.55
Adelaide,2001,7,15.67,6.99,11.33
Adelaide,2001,8,16.33,8.8,12.56
Adelaide,2001,9,20.17,10.89,15.53
Adelaide,2001,10,18.82,10.65,14.74
Adelaide,2001,11,22.69,12.35,17.52
Adelaide,2001,12,23.26,12.79,18.03
Adelaide,2002,1,27.23,15.32,21.27
Adelaide,2002,2,26.38,14.95,20.67
Adelaide,2002,3,25.76,14.04,19.9
Adelaide,2002,4,24.32,13.43,18.88
Adelaide,2002,5,20.79,11.26,16.03
Adelaide,2002,6,16.32,8.56,12.44
Adelaide,2002,7,16.44,8.24,12.34
Adelaide,2002,8,16.95,7.38,12.17
Adelaide,2002,9,19.39,9.87,14.63
Adelaide,2002,10,21.63,11.1,16.36
Adelaide,2002,11,26.37,14.18,20.28
Adelaide,2002,12,27.79,16.13,21.96
Adelaide,2003,1,31.39,18.04,24.71
Adelaide,2003,2,29.19,17.42,23.3
Adelaide,2003,3,24.82,13.2,19.01
Adelaide,2003,4,23.56,12.45,18.0
Adelaide,2003,5,19.88,10.35,15.11
Adelaide,2003,6,15.85,9.02,12.44
Adelaide,2003,7,16.09,7.61,11.85
Adelaide,2003,8,15.49,7.89,11.69
Adelaide,2003,9,18.15,9.54,13.84
Adelaide,2003,10,19.02,9.44,14.23
Adelaide,2003,11,27.63,14.86,21.25
Adelaide,2003,12,29.04,16.88,22.96
Adelaide,2004,1,25.89,14.93,20.41
Adelaide,2004,2,32.19,17.75,24.97
Adelaide,2004,3,27.74,14.1,20.92
Adelaide,2004,4,23.83,13.28,18.55
Adelaide,2004,5,18.82,9.35,14.09
Adelaide,2004,6,16.26,9.55,12.9
Adelaide,2004,7,14.83,7.69,11.26
Adelaide,2004,8,16.78,8.54,12.66
Adelaide,2004,9,18.48,9.07,13.77
Adelaide,2004,10,23.8,12.02,17.91
Adelaide,2004,11,24.72,14.05,19.38
Adelaide,2004,12,27.33,15.35,21.34
Adelaide,2005,1,29.13,16.83,22.98
Adelaide,2005,2,27.02,15.12,21.07
Adelaide,2005,3,26.24,14.26,20.25
Adelaide,2005,4,26.08,14.35,20.21
Adelaide,2005,5,20.94,10.28,15.61
Adelaide,2005,6,17.84,9.06,13.45
Adelaide,2005,7,15.69,7.72,11.71
Adelaide,2005,8,17.75,8.84,13.3
Adelaide,2005,9,19.01,9.72,14.36
Adelaide,2005,10,21.96,12.14,17.05
Adelaide,2005,11,25.18,14.02,19.6
Adelaide,2005,12,27.33,15.98,21.65
Adelaide,2006,1,31.91,19.88,25.9
Adelaide,2006,2,27.21,15.51,21.36
Adelaide,2006,3,28.6,16.53,22.57
Adelaide,2006,4,20.64,12.26,16.45
Adelaide,2006,5,17.35,8.76,13.06
Adelaide,2006,6,15.81,5.58,10.7
Adelaide,2006,7,15.32,7.53,11.42
Adelaide,2006,8,18.68,7.64,13.16
Adelaide,2006,9,21.07,9.84,15.46
Adelaide,2006,10,24.43,11.81,18.12
Adelaide,2006,11,27.05,14.11,20.58
Adelaide,2006,12,28.53,15.56,22.05
Adelaide,2007,1,29.59,18.15,23.87
Adelaide,2007,2,32.87,18.96,25.92
Adelaide,2007,3,27.35,16.08,21.71
Adelaide,2007,4,24.67,14.42,19.55
Adelaide,2007,5,20.15,12.05,16.1
Adelaide,2007,6,14.55,6.41,10.48
Adelaide,2007,7,15.59,7.79,11.69
Adelaide,2007,8,18.55,8.43,13.49
Adelaide,2007,9,20.83,10.84,15.83
Adelaide,2007,10,23.21,11.7,17.45
Adelaide,2007,11,27.96,14.93,21.44
Adelaide,2007,12,28.95,16.36,22.65
Adelaide,2008,1,31.05,17.5,24.27
Adelaide,2008,2,27.59,16.41,22.0
Adelaide,2008,3,30.89,17.92,24.4
Adelaide,2008,4,22.67,12.19,17.43
Adelaide,2008,5,19.7,9.96,14.83
Adelaide,2008,6,16.97,9.31,13.14
Adelaide,2008,7,14.78,7.41,11.09
Adelaide,2008,8,14.79,6.51,10.65
Adelaide,2008,9,20.39,9.58,14.98
Adelaide,2008,10,24.09,12.03,18.06
Adelaide,2008,11,24.71,14.25,19.48
Adelaide,2008,12,25.5,15.4,20.45
Adelaide,2009,1,32.0,17.93,24.97
Adelaide,2009,2,31.39,18.72,25.06
Adelaide,2009,3,26.28,15.09,20.69
Adelaide,2009,4,22.85,12.97,17.91
Adelaide,2009,5,18.12,10.53,14.32
Adelaide,2009,6,16.48,8.6,12.54
Adelaide,2009,7,15.78,8.99,12.39
Adelaide,2009,8,18.22,9.45,13.83
Adelaide,2009,9,19.55,10.5,15.03
Adelaide,2009,10,21.92,11.49,16.71
Adelaide,2009,11,30.84,18.01,24.43
Adelaide,2009,12,28.52,15.9,22.21
Adelaide,2010,1,31.37,18.1,24.74
Adelaide,2010,2,31.37,19.04,25.2
Adelaide,2010,3,27.74,16.17,21.96
Adelaide,2010,4,24.07,14.26,19.16
Adelaide,2010,5,19.7,10.51,15.11
Adelaide,2010,6,15.82,7.5,11.66
Adelaide,2010,7,15.44,6.82,11.13
Adelaide,2010,8,15.1,7.95,11.52
Adelaide,2010,9,16.91,9.24,13.07
Adelaide,2010,10,21.38,11.69,16.54
Adelaide,2010,11,24.32,14.13,19.23
Adelaide,2010,12,26.7,16.03,21.36
Adelaide,2011,1,30.63,18.31,24.47
Adelaide,2011,2,29.08,18.62,23.85
Adelaide,2011,3,24.6,15.23,19.91
Adelaide,2011,4,22.78,12.34,17.56
Adelaide,2011,5,17.96,9.98,13.97
Adelaide,2011,6,16.5,8.54,12.52
Adelaide,2011,7,15.6,7.9,11.75
Adelaide,2011,8,18.03,9.22,13.62
Adelaide,2011,9,20.78,10.24,15.51
Adelaide,2011,10,22.11,13.03,17.57
Adelaide,2011,11,26.75,14.7,20.72
Adelaide,2011,12,27.92,16.34,22.13
Adelaide,2012,1,31.15,19.15,25.15
Adelaide,2012,2,28.21,17.16,22.69
Adelaide,2012,3,26.17,15.05,20.61
Adelaide,2012,4,24.22,12.56,18.39
Adelaide,2012,5,18.19,9.34,13.77
Adelaide,2012,6,15.26,7.89,11.57
Adelaide,2012,7,15.33,7.83,11.58
Adelaide,2012,8,15.88,7.65,11.77
Adelaide,2012,9,19.81,9.84,14.82
Adelaide,2012,10,23.15,10.74,16.94
Adelaide,2012,11,27.67,15.08,21.38
Adelaide,2012,12,28.33,16.0,22.16
Adelaide,2013,1,30.42,16.67,23.55
Adelaide,2013,2,30.81,18.16,24.48
Adelaide,2013,3,28.43,18.09,23.26
Adelaide,2013,4,23.77,13.33,18.55
Adelaide,2013,5,20.64,12.25,16.45
Adelaide,2013,6,16.45,8.6,12.52
Adelaide,2013,7,16.22,9.13,12.67
Adelaide,2013,8,17.19,9.14,13.16
Adelaide,2013,9,22.28,12.69,17.48
Adelaide,2013,10,22.35,11.29,16.82
Adelaide,2013,11,25.14,13.08,19.11
Adelaide,2013,12,28.54,15.55,22.04
Adelaide,2014,1,32.46,18.59,25.52
Adelaide,2014,2,29.79,17.81,23.8
Adelaide,2014,3,27.35,15.2,21.27
Adelaide,2014,4,22.94,13.38,18.16
Adelaide,2014,5,20.61,12.24,16.42
Adelaide,2014,6,16.33,9.35,12.84
Adelaide,2014,7,15.34,8.16,11.75
Adelaide,2014,8,17.41,6.76,12.09
Adelaide,2014,9,20.91,10.78,15.85
Adelaide,2014,10,25.97,12.15,19.06
Adelaide,2014,11,26.7,14.57,20.64
Adelaide,2014,12,26.97,15.41,21.19
Adelaide,2015,1,28.7,17.5,23.1
Adelaide,2015,2,32.67,18.07,25.37
Adelaide,2015,3,25.49,14.52,20.0
Adelaide,2015,4,20.52,11.05,15.78
Adelaide,2015,5,18.49,9.98,14.24
Adelaide,2015,6,16.15,8.15,12.15
Adelaide,2015,7,14.69,6.73,10.71
Adelaide,2015,8,15.77,8.21,11.99
Adelaide,2015,9,19.2,8.98,14.09
Adelaide,2015,10,27.09,14.02,20.55
Adelaide,2015,11,27.47,14.45,20.96
Adelaide,2015,12,32.47,18.1,25.29
Adelaide,2016,1,31.19,18.14,24.66
Adelaide,2016,2,29.29,16.37,22.83
Adelaide,2016,3,28.64,16.82,22.73
Adelaide,2016,4,24.83,12.59,18.71
Adelaide,2016,5,19.79,12.39,16.09
Adelaide,2016,6,16.04,8.89,12.47
Adelaide,2016,7,15.28,8.11,11.7
Adelaide,2016,8,17.66,7.74,12.7
Adelaide,2016,9,17.42,9.06,13.24
Adelaide,2016,10,20.99,10.59,15.79
Adelaide,2016,11,24.71,12.12,18.41
Adelaide,2016,12,28.66,15.39,22.03
Adelaide,2017,1,,,
Adelaide,2017,2,,,
Adelaide,2017,3,,,
Adelaide,2017,4,,,
Adelaide,2017,5,19.57,10.19,14.88
Adelaide,2017,6,16.89,6.43,11.66
Adelaide,2017,7,16.32,8.79,12.55
Adelaide,2017,8,15.88,8.46,12.17
Adelaide,2017,9,19.06,10.78,14.92
Adelaide,2017,10,23.68,12.06,17.87
Adelaide,2017,11,27.53,16.61,22.07
Adelaide,2017,12,27.04,15.59,21.31
Adelaide,2018,1,31.55,18.13,24.84
Adelaide,2018,2,29.9,18.27,24.09
Adelaide,2018,3,27.16,15.83,21.5
Adelaide,2018,4,26.16,14.7,20.43
Adelaide,2018,5,18.59,11.48,15.04
Adelaide,2018,6,15.82,7.61,11.72
Adelaide,2018,7,16.12,8.78,12.45
Adelaide,2018,8,16.96,9.54,13.25
Adelaide,2018,9,18.56,8.25,13.41
Adelaide,2018,10,23.7,12.24,17.97
Adelaide,2018,11,23.95,12.95,18.45
Adelaide,2018,12,30.05,16.52,23.28
Adelaide,2019,1,33.05,18.11,25.58
Adelaide,2019,2,29.49,16.82,23.16
Adelaide,2019,3,26.56,15.64,21.1
Adelaide,2019,4,24.34,14.08,19.21
Adelaide,2019,5,18.65,10.78,14.71
Adelaide,2019,6,16.0,8.22,12.11
Adelaide,2019,7,16.11,9.4,12.75
Adelaide,2019,8,15.45,7.71,11.58
Adelaide,2019,9,19.11,8.95,14.03
Adelaide,2019,10,23.83,12.29,18.06
Adelaide,2019,11,23.3,12.42,17.86
Adelaide,2019,12,30.63,16.77,23.7
Adelaide,2020,1,28.71,16.5,22.61
Adelaide,2020,2,26.4,16.33,21.37
Adelaide,2020,3,25.58,15.14,20.36
Adelaide,2020,4,21.42,12.77,17.1
Adelaide,2020,5,17.53,9.66,13.6
Adelaide,2020,6,15.85,7.57,11.71
Adelaide,2020,7,15.32,6.65,10.99
Adelaide,2020,8,16.02,8.31,12.16
Adelaide,2020,9,20.51,11.32,15.91
Adelaide,2020,10,21.95,11.99,16.97
Adelaide,2020,11,28.8,14.99,21.89
Adelaide,2020,12,26.28,14.39,20.34
Adelaide,2021,1,28.94,16.71,22.82
Adelaide,2021,2,27.11,15.97,21.54
Adelaide,2021,3,25.98,14.41,20.2
Adelaide,2021,4,23.09,11.67,17.38
Adelaide,2021,5,19.57,10.71,15.14
Adelaide,2021,6,16.71,9.67,13.19
Adelaide,2021,7,15.23,8.28,11.75
Adelaide,2021,8,16.83,8.74,12.78
Adelaide,2021,9,19.61,9.88,14.74
Adelaide,2021,10,21.1,10.42,15.76
Adelaide,2021,11,23.35,13.05,18.2
Adelaide,2021,12,27.27,14.32,20.79
Adelaide,2022,1,29.06,18.58,23.82
Adelaide,2022,2,28.02,16.66,22.34
Adelaide,2022,3,27.26,15.9,21.58
Adelaide,2022,4,24.0,14.82,19.41
Adelaide,2022,5,18.86,10.52,14.69
Adelaide,2022,6,15.57,9.71,12.64
Adelaide,2022,7,14.87,7.19,11.03
Adelaide,2022,8,16.19,9.14,12.66
Adelaide,2022,9,17.21,9.13,13.17
Adelaide,2022,10,20.7,12.27,16.49
Adelaide,2022,11,22.56,13.01,17.79
Adelaide,2022,12,27.31,14.61,20.96
Adelaide,2023,1,30.05,16.88,23.46
Adelaide,2023,2,28.79,16.25,22.52
Adelaide,2023,3,25.05,14.51,19.78
Adelaide,2023,4,22.17,13.12,17.65
Adelaide,2023,5,17.9,10.01,13.95
Adelaide,2023,6,16.96,10.75,13.86
Adelaide,2023,7,15.83,8.17,12.0
Adelaide,2023,8,17.53,9.06,13.3
Adelaide,2023,9,22.09,10.24,16.16
Adelaide,2023,10,21.54,10.77,16.16
Adelaide,2023,11,24.6,11.82,18.21
Adelaide,2023,12,25.46,14.77,20.11
Adelaide,2024,1,29.27,17.02,23.14
Adelaide,2024,2,30.13,16.21,23.17
Adelaide,2024,3,29.9,16.83,23.36
Adelaide,2024,4,21.09,10.75,15.92
Adelaide,2024,5,20.83,8.78,14.8
Adelaide,2024,6,15.83,8.1,11.96
Adelaide,2024,7,15.74,7.66,11.7
Adelaide,2024,8,19.06,10.57,14.82
Adelaide,2024,9,19.5,9.39,14.45
Adelaide,2024,10,24.61,12.38,18.5
Adelaide,2024,11,26.7,14.58,20.64
Adelaide,2024,12,28.94,16.03,22.48
Adelaide,2025,1,30.84,16.89,23.87
Adelaide,2025,2,31.47,17.81,24.64
Adelaide,2025,3,30.26,16.69,23.48
Adelaide,2025,4,25.18,14.05,19.61
Adelaide,2025,5,20.51,9.11,14.81
Adelaide,2025,6,16.42,8.74,12.58
Adelaide,2025,7,15.32,8.32,11.82
Adelaide,2025,8,16.65,8.78,12.72
Adelaide,2025,9,19.43,10.14,14.78
Adelaide,2025,10,22.45,12.37,17.41
Adelaide,2025,11,22.26,12.59,17.42
Adelaide,2025,12,27.81,14.88,21.35
Archerfield,1996,1,30.3,21.41,25.86
Archerfield,1996,2,29.62,20.24,24.93
Archerfield,1996,3,28.26,17.51,22.89
Archerfield,1996,4,28.32,15.26,21.79
Archerfield,1996,5,23.59,14.82,19.21
Archerfield,1996,6,21.78,11.81,16.79
Archerfield,1996,7,20.6,8.32,14.46
Archerfield,1996,8,22.15,9.16,15.66
Archerfield,1996,9,25.61,11.31,18.46
Archerfield,1996,10,25.78,14.48,20.13
Archerfield,1996,11,29.18,16.61,22.9
Archerfield,1996,12,28.89,18.95,23.92
Archerfield,1997,1,28.06,18.99,23.53
Archerfield,1997,2,30.64,21.39,26.01
Archerfield,1997,3,29.29,18.25,23.77
Archerfield,1997,4,27.5,14.16,20.83
Archerfield,1997,5,23.28,12.31,17.79
Archerfield,1997,6,20.95,8.38,14.67
Archerfield,1997,7,20.59,7.31,13.95
Archerfield,1997,8,22.26,6.86,14.56
Archerfield,1997,9,25.08,11.75,18.42
Archerfield,1997,10,25.96,14.25,20.11
Archerfield,1997,11,28.59,18.5,23.54
Archerfield,1997,12,30.15,20.37,25.26
Archerfield,1998,1,32.0,21.65,26.82
Archerfield,1998,2,31.53,21.58,26.55
Archerfield,1998,3,31.34,19.22,25.28
Archerfield,1998,4,26.3,16.55,21.43
Archerfield,1998,5,24.49,12.85,18.67
Archerfield,1998,6,21.76,10.64,16.2
Archerfield,1998,7,21.65,10.35,16.0
Archerfield,1998,8,22.72,11.63,17.18
Archerfield,1998,9,24.99,14.49,19.74
Archerfield,1998,10,28.28,15.67,21.98
Archerfield,1998,11,27.36,16.34,21.85
Archerfield,1998,12,29.7,18.72,24.21
Archerfield,1999,1,29.92,20.29,25.1
Archerfield,1999,2,29.2,20.22,24.71
Archerfield,1999,3,29.09,19.37,24.23
Archerfield,1999,4,25.7,14.46,20.08
Archerfield,1999,5,24.87,13.68,19.28
Archerfield,1999,6,21.59,9.95,15.77
Archerfield,1999,7,21.02,9.81,15.42
Archerfield,1999,8,21.45,8.86,15.15
Archerfield,1999,9,23.91,11.76,17.83
Archerfield,1999,10,26.56,15.5,21.03
Archerfield,1999,11,26.1,14.96,20.53
Archerfield,1999,12,27.06,16.16,21.61
Archerfield,2000,1,29.11,18.92,24.02
Archerfield,2000,2,28.25,18.54,23.39
Archerfield,2000,3,28.7,18.84,23.77
Archerfield,2000,4,26.59,16.14,21.37
Archerfield,2000,5,23.62,12.49,18.06
Archerfield,2000,6,20.78,8.3,14.54
Archerfield,2000,7,21.48,6.47,13.97
Archerfield,2000,8,23.06,6.77,14.92
Archerfield,2000,9,27.62,11.07,19.35
Archerfield,2000,10,26.94,15.21,21.08
Archerfield,2000,11,26.65,16.5,21.57
Archerfield,2000,12,29.89,18.95,24.42
Archerfield,2001,1,30.4,20.18,25.29
Archerfield,2001,2,29.36,18.9,24.13
Archerfield,2001,3,29.55,20.12,24.84
Archerfield,2001,4,26.7,15.45,21.08
Archerfield,2001,5,23.57,10.93,17.25
Archerfield,2001,6,22.77,9.01,15.89
Archerfield,2001,7,21.9,7.18,14.54
Archerfield,2001,8,22.79,7.03,14.91
Archerfield,2001,9,25.0,10.31,17.66
Archerfield,2001,10,27.9,14.2,21.05
Archerfield,2001,11,27.6,16.87,22.24
Archerfield,2001,12,29.96,20.31,25.13
Archerfield,2002,1,31.49,20.36,25.93
Archerfield,2002,2,31.22,20.5,25.86
Archerfield,2002,3,29.95,18.36,24.15
Archerfield,2002,4,27.33,15.51,21.42
Archerfield,2002,5,23.95,11.2,17.57
Archerfield,2002,6,22.09,8.85,15.47
Archerfield,2002,7,22.3,4.0,13.15
Archerfield,2002,8,22.56,8.44,15.5
Archerfield,2002,9,26.52,12.26,19.39
Archerfield,2002,10,28.19,14.13,21.16
Archerfield,2002,11,29.26,17.5,23.38
Archerfield,2002,12,30.29,19.06,24.68
Archerfield,2003,1,30.46,18.91,24.69
Archerfield,2003,2,28.62,20.57,24.6
Archerfield,2003,3,27.58,18.03,22.8
Archerfield,2003,4,25.81,15.39,20.6
Archerfield,2003,5,23.85,11.69,17.77
Archerfield,2003,6,21.85,9.71,15.78
Archerfield,2003,7,20.87,7.64,14.25
Archerfield,2003,8,22.65,8.71,15.68
Archerfield,2003,9,28.22,11.4,19.81
Archerfield,2003,10,26.29,13.98,20.14
Archerfield,2003,11,28.07,15.66,21.86
Archerfield,2003,12,29.69,19.59,24.64
Archerfield,2004,1,32.03,21.63,26.83
Archerfield,2004,2,32.28,21.4,26.84
Archerfield,2004,3,29.03,18.94,23.99
Archerfield,2004,4,27.55,16.01,21.78
Archerfield,2004,5,24.56,10.11,17.33
Archerfield,2004,6,23.17,7.91,15.54
Archerfield,2004,7,22.9,7.08,14.99
Archerfield,2004,8,23.88,7.71,15.79
Archerfield,2004,9,25.59,11.08,18.34
Archerfield,2004,10,28.85,15.68,22.26
Archerfield,2004,11,28.52,17.15,22.83
Archerfield,2004,12,29.33,19.42,24.37
Archerfield,2005,1,30.33,20.62,25.47
Archerfield,2005,2,31.45,20.48,25.96
Archerfield,2005,3,29.86,16.95,23.41
Archerfield,2005,4,28.38,15.56,21.97
Archerfield,2005,5,24.7,11.75,18.22
Archerfield,2005,6,22.07,10.62,16.35
Archerfield,2005,7,22.27,8.96,15.62
Archerfield,2005,8,23.15,7.3,15.22
Archerfield,2005,9,25.68,11.49,18.58
Archerfield,2005,10,28.88,17.12,23.0
Archerfield,2005,11,28.22,18.67,23.44
Archerfield,2005,12,32.38,20.88,26.63
Archerfield,2006,1,30.71,21.55,26.13
Archerfield,2006,2,31.35,21.02,26.19
Archerfield,2006,3,28.41,18.44,23.42
Archerfield,2006,4,28.18,14.85,21.52
Archerfield,2006,5,25.1,9.46,17.28
Archerfield,2006,6,21.67,8.66,15.17
Archerfield,2006,7,22.33,8.32,15.33
Archerfield,2006,8,24.2,8.33,16.27
Archerfield,2006,9,24.87,12.4,18.63
Archerfield,2006,10,26.8,14.57,20.69
Archerfield,2006,11,28.45,16.57,22.51
Archerfield,2006,12,28.01,17.27,22.64
Archerfield,2007,1,30.56,20.16,25.36
Archerfield,2007,2,29.9,19.3,24.6
Archerfield,2007,3,31.21,19.14,25.18
Archerfield,2007,4,28.25,15.35,21.8
Archerfield,2007,5,26.76,13.78,20.27
Archerfield,2007,6,20.37,10.46,15.42
Archerfield,2007,7,21.25,5.83,13.54
Archerfield,2007,8,23.5,9.59,16.54
Archerfield,2007,9,26.11,11.67,18.89
Archerfield,2007,10,28.55,16.3,22.43
Archerfield,2007,11,26.49,17.11,21.8
Archerfield,2007,12,28.31,19.57,23.94
Archerfield,2008,1,28.89,20.76,24.83
Archerfield,2008,2,28.86,19.95,24.41
Archerfield,2008,3,27.47,16.1,21.79
Archerfield,2008,4,25.91,13.42,19.66
Archerfield,2008,5,24.47,9.66,17.06
Archerfield,2008,6,22.8,10.5,16.65
Archerfield,2008,7,20.37,8.83,14.6
Archerfield,2008,8,21.65,7.2,14.43
Archerfield,2008,9,25.1,13.54,19.32
Archerfield,2008,10,26.3,14.43,20.36
Archerfield,2008,11,28.1,18.44,23.27
Archerfield,2008,12,30.19,19.76,24.97
Archerfield,2009,1,30.35,20.19,25.27
Archerfield,2009,2,30.36,20.29,25.33
Archerfield,2009,3,29.01,18.63,23.82
Archerfield,2009,4,26.9,16.42,21.66
Archerfield,2009,5,23.54,11.62,17.58
Archerfield,2009,6,21.11,9.5,15.3
Archerfield,2009,7,21.16,7.46,14.31
Archerfield,2009,8,25.55,9.46,17.5
Archerfield,2009,9,26.93,11.6,19.27
Archerfield,2009,10,28.11,13.66,20.89
Archerfield,2009,11,30.2,18.61,24.4
Archerfield,2009,12,30.51,20.76,25.63
Archerfield,2010,1,31.31,20.74,26.02
Archerfield,2010,2,29.91,20.94,25.42
Archerfield,2010,3,27.91,19.17,23.54
Archerfield,2010,4,27.18,16.26,21.72
Archerfield,2010,5,23.49,11.81,17.65
Archerfield,2010,6,21.19,9.27,15.23
Archerfield,2010,7,21.4,9.62,15.51
Archerfield,2010,8,21.75,8.97,15.36
Archerfield,2010,9,24.58,14.26,19.42
Archerfield,2010,10,24.57,14.87,19.72
Archerfield,2010,11,26.43,17.46,21.94
Archerfield,2010,12,27.54,19.78,23.66
Archerfield,2011,1,29.35,20.46,24.9
Archerfield,2011,2,30.27,20.64,25.46
Archerfield,2011,3,28.71,19.33,24.02
Archerfield,2011,4,25.93,15.68,20.8
Archerfield,2011,5,22.78,10.83,16.81
Archerfield,2011,6,20.42,8.48,14.45
Archerfield,2011,7,21.11,7.24,14.17
Archerfield,2011,8,22.62,9.0,15.81
Archerfield,2011,9,25.25,10.3,17.78
Archerfield,2011,10,25.74,14.28,20.01
Archerfield,2011,11,29.59,18.74,24.16
Archerfield,2011,12,27.62,17.51,22.56
Archerfield,2012,1,29.14,19.66,24.4
Archerfield,2012,2,30.16,19.99,25.07
Archerfield,2012,3,28.42,18.41,23.41
Archerfield,2012,4,26.73,15.45,21.09
Archerfield,2012,5,24.21,10.14,17.18
Archerfield,2012,6,20.94,10.27,15.6
Archerfield,2012,7,21.35,9.0,15.17
Archerfield,2012,8,23.63,6.75,15.19
Archerfield,2012,9,26.3,11.52,18.91
Archerfield,2012,10,28.13,13.57,20.85
Archerfield,2012,11,29.03,17.47,23.25
Archerfield,2012,12,30.85,19.79,25.32
Archerfield,2013,1,31.36,21.7,26.53
Archerfield,2013,2,28.64,19.67,24.16
Archerfield,2013,3,28.59,18.88,23.74
Archerfield,2013,4,26.86,14.79,20.82
Archerfield,2013,5,23.35,11.39,17.37
Archerfield,2013,6,20.94,10.41,15.68
Archerfield,2013,7,21.75,10.27,16.01
Archerfield,2013,8,24.95,8.36,16.65
Archerfield,2013,9,27.94,12.84,20.39
Archerfield,2013,10,29.73,15.16,22.44
Archerfield,2013,11,29.39,17.0,23.19
Archerfield,2013,12,30.09,18.25,24.17
Archerfield,2014,1,31.56,20.64,26.1
Archerfield,2014,2,30.55,20.18,25.36
Archerfield,2014,3,29.78,18.83,24.3
Archerfield,2014,4,28.16,16.02,22.09
Archerfield,2014,5,25.06,12.58,18.82
Archerfield,2014,6,23.3,10.26,16.78
Archerfield,2014,7,22.35,5.71,14.03
Archerfield,2014,8,22.88,9.19,16.04
Archerfield,2014,9,25.7,10.84,18.27
Archerfield,2014,10,28.41,14.76,21.59
Archerfield,2014,11,30.65,19.83,25.24
Archerfield,2014,12,30.39,20.37,25.38
Archerfield,2015,1,30.92,21.78,26.35
Archerfield,2015,2,29.69,20.1,24.9
Archerfield,2015,3,30.61,20.21,25.41
Archerfield,2015,4,26.32,15.62,20.97
Archerfield,2015,5,24.38,12.12,18.25
Archerfield,2015,6,21.58,10.53,16.05
Archerfield,2015,7,21.08,7.87,14.48
Archerfield,2015,8,24.14,9.44,16.79
Archerfield,2015,9,25.26,10.43,17.84
Archerfield,2015,10,27.81,14.83,21.32
Archerfield,2015,11,29.91,18.79,24.35
Archerfield,2015,12,29.72,18.72,24.22
Archerfield,2016,1,30.71,19.71,25.21
Archerfield,2016,2,32.26,20.86,26.56
Archerfield,2016,3,30.21,19.57,24.89
Archerfield,2016,4,29.27,16.52,22.89
Archerfield,2016,5,27.16,12.82,19.99
Archerfield,2016,6,21.62,11.7,16.66
Archerfield,2016,7,22.47,10.53,16.5
Archerfield,2016,8,22.86,9.64,16.25
Archerfield,2016,9,25.28,13.79,19.53
Archerfield,2016,10,27.61,13.2,20.4
Archerfield,2016,11,31.06,18.29,24.67
Archerfield,2016,12,31.14,20.14,25.64
Archerfield,2017,1,32.05,22.18,27.12
Archerfield,2017,2,32.99,21.43,27.21
Archerfield,2017,3,30.76,21.03,25.9
Archerfield,2017,4,26.22,14.65,20.43
Archerfield,2017,5,24.79,12.89,18.84
Archerfield,2017,6,22.58,10.56,16.57
Archerfield,2017,7,22.79,7.48,15.14
Archerfield,2017,8,25.04,8.25,16.64
Archerfield,2017,9,28.3,12.02,20.16
Archerfield,2017,10,27.37,17.95,22.66
Archerfield,2017,11,27.31,16.35,21.83
Archerfield,2017,12,30.82,19.65,25.24
Archerfield,2018,1,32.45,20.27,26.36
Archerfield,2018,2,30.43,20.23,25.33
Archerfield,2018,3,29.08,19.73,24.4
Archerfield,2018,4,27.89,16.04,21.96
Archerfield,2018,5,24.95,11.44,18.2
Archerfield,2018,6,22.45,8.74,15.6
Archerfield,2018,7,23.4,8.08,15.74
Archerfield,2018,8,24.62,6.25,15.44
Archerfield,2018,9,25.5,11.76,18.63
Archerfield,2018,10,26.64,15.41,21.02
Archerfield,2018,11,30.26,17.2,23.73
Archerfield,2018,12,30.61,19.71,25.16
Archerfield,2019,1,32.41,21.63,27.02
Archerfield,2019,2,32.16,20.86,26.51
Archerfield,2019,3,31.56,20.34,25.95
Archerfield,2019,4,27.16,15.8,21.48
Archerfield,2019,5,24.66,12.29,18.48
Archerfield,2019,6,22.54,9.82,16.18
Archerfield,2019,7,23.06,8.45,15.76
Archerfield,2019,8,23.89,8.58,16.24
Archerfield,2019,9,27.91,11.35,19.63
Archerfield,2019,10,27.82,14.58,21.2
Archerfield,2019,11,31.71,17.83,24.77
Archerfield,2019,12,32.46,19.9,26.18
Archerfield,2020,1,31.48,22.32,26.9
Archerfield,2020,2,30.13,21.68,25.91
Archerfield,2020,3,29.03,18.6,23.81
Archerfield,2020,4,28.97,15.49,22.23
Archerfield,2020,5,24.2,11.24,17.72
Archerfield,2020,6,22.61,9.42,16.01
Archerfield,2020,7,22.2,9.16,15.68
Archerfield,2020,8,23.78,8.87,16.33
Archerfield,2020,9,26.53,12.52,19.53
Archerfield,2020,10,28.75,14.77,21.76
Archerfield,2020,11,29.73,17.45,23.59
Archerfield,2020,12,30.61,21.21,25.91
Archerfield,2021,1,30.13,20.19,25.16
Archerfield,2021,2,30.49,20.36,25.43
Archerfield,2021,3,28.54,19.54,24.04
Archerfield,2021,4,26.25,14.62,20.43
Archerfield,2021,5,24.06,11.27,17.67
Archerfield,2021,6,21.57,8.92,15.24
Archerfield,2021,7,21.57,8.78,15.18
Archerfield,2021,8,24.07,9.57,16.82
Archerfield,2021,9,25.8,11.5,18.65
Archerfield,2021,10,28.79,16.29,22.54
Archerfield,2021,11,27.56,18.23,22.9
Archerfield,2021,12,29.94,19.25,24.59
Archerfield,2022,1,29.57,20.93,25.25
Archerfield,2022,2,29.23,19.45,24.34
Archerfield,2022,3,29.3,19.06,24.18
Archerfield,2022,4,27.19,16.51,21.85
Archerfield,2022,5,23.65,16.11,19.88
Archerfield,2022,6,21.27,8.22,14.74
Archerfield,2022,7,20.0,8.43,14.22
Archerfield,2022,8,22.78,8.88,15.83
Archerfield,2022,9,24.69,12.36,18.52
Archerfield,2022,10,26.2,15.71,20.95
Archerfield,2022,11,28.48,15.72,22.1
Archerfield,2022,12,28.52,17.88,23.2
Archerfield,2023,1,31.04,19.69,25.37
Archerfield,2023,2,31.19,19.98,25.59
Archerfield,2023,3,31.08,20.36,25.72
Archerfield,2023,4,26.96,15.03,20.99
Archerfield,2023,5,23.84,9.18,16.51
Archerfield,2023,6,23.36,8.67,16.02
Archerfield,2023,7,22.69,8.57,15.63
Archerfield,2023,8,25.09,9.61,17.35
Archerfield,2023,9,26.86,12.31,19.58
Archerfield,2023,10,28.54,15.18,21.86
Archerfield,2023,11,28.35,17.85,23.1
Archerfield,2023,12,31.92,20.98,26.45
Archerfield,2024,1,31.04,22.31,26.67
Archerfield,2024,2,31.13,21.61,26.37
Archerfield,2024,3,28.71,19.64,24.17
Archerfield,2024,4,27.58,16.61,22.1
Archerfield,2024,5,24.26,12.8,18.53
Archerfield,2024,6,22.63,8.91,15.77
Archerfield,2024,7,21.52,8.92,15.22
Archerfield,2024,8,25.86,11.66,18.76
Archerfield,2024,9,27.22,12.5,19.86
Archerfield,2024,10,28.11,16.33,22.22
Archerfield,2024,11,29.34,19.65,24.49
Archerfield,2024,12,30.69,21.53,26.11
Archerfield,2025,1,30.89,20.4,25.64
Archerfield,2025,2,30.93,20.35,25.64
Archerfield,2025,3,29.24,20.62,24.93
Archerfield,2025,4,27.34,17.26,22.3
Archerfield,2025,5,25.14,14.07,19.61
Archerfield,2025,6,21.56,9.58,15.57
Archerfield,2025,7,22.15,8.72,15.43
Archerfield,2025,8,22.74,9.63,16.18
Archerfield,2025,9,26.5,12.4,19.45
Archerfield,2025,10,30.34,17.43,23.88
Archerfield,2025,11,30.05,18.91,24.48
Archerfield,2025,12,30.49,19.54,25.01
Bankstown,1996,1,26.65,18.05,22.35
Bankstown,1996,2,25.62,15.6,20.61
Bankstown,1996,3,25.24,14.48,19.86
Bankstown,1996,4,23.55,10.09,16.82
Bankstown,1996,5,20.86,10.94,15.9
Bankstown,1996,6,18.18,7.38,12.78
Bankstown,1996,7,16.98,5.6,11.29
Bankstown,1996,8,18.9,5.69,12.3
Bankstown,1996,9,22.18,8.76,15.47
Bankstown,1996,10,23.11,11.65,17.38
Bankstown,1996,11,24.87,12.69,18.78
Bankstown,1996,12,26.22,15.23,20.72
Bankstown,1997,1,25.67,15.5,20.58
Bankstown,1997,2,27.49,19.19,23.34
Bankstown,1997,3,26.53,15.96,21.25
Bankstown,1997,4,25.5,11.64,18.57
Bankstown,1997,5,20.19,10.85,15.52
Bankstown,1997,6,18.07,5.77,11.92
Bankstown,1997,7,16.78,5.97,11.37
Bankstown,1997,8,18.92,5.79,12.35
Bankstown,1997,9,19.74,9.13,14.44
Bankstown,1997,10,24.49,11.53,18.01
Bankstown,1997,11,27.39,15.93,21.66
Bankstown,1997,12,29.1,18.0,23.55
Bankstown,1998,1,29.75,19.1,24.42
Bankstown,1998,2,30.72,18.98,24.85
Bankstown,1998,3,28.79,17.16,22.97
Bankstown,1998,4,23.75,13.69,18.72
Bankstown,1998,5,19.72,10.68,15.2
Bankstown,1998,6,17.4,8.06,12.73
Bankstown,1998,7,15.82,6.43,11.13
Bankstown,1998,8,17.83,8.35,13.09
Bankstown,1998,9,22.22,10.93,16.58
Bankstown,1998,10,24.01,11.42,17.71
Bankstown,1998,11,22.62,13.17,17.9
Bankstown,1998,12,27.4,17.51,22.45
Bankstown,1999,1,29.19,19.14,24.16
Bankstown,1999,2,26.6,18.12,22.36
Bankstown,1999,3,26.39,17.06,21.73
Bankstown,1999,4,21.41,12.08,16.74
Bankstown,1999,5,20.89,9.33,15.11
Bankstown,1999,6,17.15,7.26,12.21
Bankstown,1999,7,17.26,6.8,12.03
Bankstown,1999,8,18.67,6.42,12.54
Bankstown,1999,9,21.28,9.5,15.39
Bankstown,1999,10,23.53,12.98,18.25
Bankstown,1999,11,22.99,12.31,17.65
Bankstown,1999,12,25.05,15.97,20.51
Bankstown,2000,1,25.81,16.07,20.94
Bankstown,2000,2,29.29,17.84,23.56
Bankstown,2000,3,26.03,17.99,22.01
Bankstown,2000,4,22.85,13.08,17.97
Bankstown,2000,5,19.8,9.1,14.45
Bankstown,2000,6,16.94,5.0,10.97
Bankstown,2000,7,17.65,5.38,11.51
Bankstown,2000,8,18.57,5.68,12.13
Bankstown,2000,9,23.54,9.0,16.27
Bankstown,2000,10,23.2,12.43,17.81
Bankstown,2000,11,23.68,15.72,19.7
Bankstown,2000,12,29.22,17.42,23.32
Bankstown,2001,1,29.69,18.87,24.28
Bankstown,2001,2,28.17,19.27,23.72
Bankstown,2001,3,25.39,16.43,20.91
Bankstown,2001,4,24.13,13.05,18.59
Bankstown,2001,5,19.53,8.87,14.2
Bankstown,2001,6,19.16,6.15,12.66
Bankstown,2001,7,17.11,7.23,12.17
Bankstown,2001,8,19.01,5.88,12.45
Bankstown,2001,9,22.52,9.82,16.17
Bankstown,2001,10,24.45,10.81,17.63
Bankstown,2001,11,24.42,13.69,19.05
Bankstown,2001,12,27.75,17.07,22.41
Bankstown,2002,1,28.2,17.85,23.03
Bankstown,2002,2,25.95,17.9,21.92
Bankstown,2002,3,25.97,16.07,21.02
Bankstown,2002,4,24.7,13.66,19.18
Bankstown,2002,5,20.01,9.27,14.64
Bankstown,2002,6,18.35,5.9,12.13
Bankstown,2002,7,18.29,3.33,10.81
Bankstown,2002,8,19.89,6.4,13.15
Bankstown,2002,9,23.93,8.05,15.99
Bankstown,2002,10,25.95,11.25,18.6
Bankstown,2002,11,27.95,15.03,21.49
Bankstown,2002,12,27.65,16.35,22.0
Bankstown,2003,1,29.4,18.2,23.8
Bankstown,2003,2,27.9,18.8,23.35
Bankstown,2003,3,25.63,15.55,20.59
Bankstown,2003,4,22.71,13.12,17.92
Bankstown,2003,5,20.25,11.05,15.65
Bankstown,2003,6,19.07,7.6,13.34
Bankstown,2003,7,17.34,5.16,11.25
Bankstown,2003,8,18.96,5.56,12.26
Bankstown,2003,9,22.88,8.69,15.78
Bankstown,2003,10,21.73,10.58,16.15
Bankstown,2003,11,24.66,13.64,19.15
Bankstown,2003,12,27.21,17.28,22.24
Bankstown,2004,1,29.62,18.71,24.17
Bankstown,2004,2,29.78,18.8,24.29
Bankstown,2004,3,26.78,16.22,21.5
Bankstown,2004,4,24.45,13.45,18.95
Bankstown,2004,5,20.94,7.61,14.27
Bankstown,2004,6,19.67,4.88,12.28
Bankstown,2004,7,17.67,5.2,11.43
Bankstown,2004,8,19.65,6.52,13.08
Bankstown,2004,9,22.22,8.93,15.58
Bankstown,2004,10,23.94,12.36,18.15
Bankstown,2004,11,26.2,14.5,20.35
Bankstown,2004,12,27.3,17.06,22.18
Bankstown,2005,1,28.4,17.9,23.15
Bankstown,2005,2,28.29,17.5,22.9
Bankstown,2005,3,25.1,14.86,19.98
Bankstown,2005,4,25.86,13.48,19.67
Bankstown,2005,5,20.9,8.76,14.83
Bankstown,2005,6,18.87,6.99,12.93
Bankstown,2005,7,18.64,5.78,12.21
Bankstown,2005,8,20.04,5.16,12.6
Bankstown,2005,9,21.52,9.37,15.45
Bankstown,2005,10,25.03,13.23,19.13
Bankstown,2005,11,25.65,15.4,20.52
Bankstown,2005,12,30.43,16.95,23.69
Bankstown,2006,1,28.38,19.34,23.86
Bankstown,2006,2,29.45,18.69,24.07
Bankstown,2006,3,27.53,17.51,22.52
Bankstown,2006,4,24.63,10.98,17.8
Bankstown,2006,5,20.88,7.78,14.33
Bankstown,2006,6,16.69,6.21,11.45
Bankstown,2006,7,17.45,5.58,11.51
Bankstown,2006,8,19.57,6.04,12.8
Bankstown,2006,9,23.61,9.69,16.65
Bankstown,2006,10,25.34,11.5,18.42
Bankstown,2006,11,26.55,14.22,20.39
Bankstown,2006,12,26.68,16.04,21.36
Bankstown,2007,1,29.32,17.99,23.66
Bankstown,2007,2,28.08,18.7,23.39
Bankstown,2007,3,27.21,16.82,22.01
Bankstown,2007,4,23.45,13.01,18.23
Bankstown,2007,5,22.48,9.74,16.11
Bankstown,2007,6,16.27,7.33,11.8
Bankstown,2007,7,16.9,4.55,10.73
Bankstown,2007,8,20.03,7.82,13.92
Bankstown,2007,9,21.45,9.27,15.36
Bankstown,2007,10,26.75,12.32,19.54
Bankstown,2007,11,24.85,15.85,20.35
Bankstown,2007,12,26.14,16.88,21.51
Bankstown,2008,1,27.74,18.66,23.2
Bankstown,2008,2,25.42,16.95,21.19
Bankstown,2008,3,26.42,15.07,20.75
Bankstown,2008,4,21.74,11.29,16.52
Bankstown,2008,5,20.65,7.88,14.26
Bankstown,2008,6,18.38,9.0,13.69
Bankstown,2008,7,16.68,4.52,10.6
Bankstown,2008,8,17.38,4.68,11.03
Bankstown,2008,9,22.22,9.15,15.69
Bankstown,2008,10,24.91,12.21,18.56
Bankstown,2008,11,25.14,14.68,19.91
Bankstown,2008,12,27.62,16.16,21.89
Bankstown,2009,1,30.74,17.87,24.3
Bankstown,2009,2,27.4,18.64,23.02
Bankstown,2009,3,26.79,16.2,21.49
Bankstown,2009,4,22.83,13.62,18.22
Bankstown,2009,5,20.58,9.72,15.15
Bankstown,2009,6,17.52,7.16,12.34
Bankstown,2009,7,17.82,5.09,11.46
Bankstown,2009,8,21.21,5.98,13.6
Bankstown,2009,9,23.53,9.51,16.52
Bankstown,2009,10,22.18,12.13,17.16
Bankstown,2009,11,28.62,16.86,22.74
Bankstown,2009,12,27.9,17.37,22.64
Bankstown,2010,1,29.65,19.3,24.47
Bankstown,2010,2,28.88,19.34,24.11
Bankstown,2010,3,27.18,16.66,21.92
Bankstown,2010,4,24.56,13.26,18.91
Bankstown,2010,5,20.64,9.26,14.95
Bankstown,2010,6,17.65,6.36,12.0
Bankstown,2010,7,17.05,6.59,11.82
Bankstown,2010,8,18.16,6.35,12.26
Bankstown,2010,9,21.42,9.15,15.29
Bankstown,2010,10,22.72,12.55,17.63
Bankstown,2010,11,25.1,15.33,20.22
Bankstown,2010,12,27.18,17.21,22.19
Bankstown,2011,1,29.52,19.6,24.56
Bankstown,2011,2,29.94,19.63,24.79
Bankstown,2011,3,26.9,17.38,22.14
Bankstown,2011,4,22.33,12.26,17.3
Bankstown,2011,5,19.38,8.04,13.71
Bankstown,2011,6,17.47,6.85,12.16
Bankstown,2011,7,16.7,5.82,11.26
Bankstown,2011,8,19.61,6.75,13.18
Bankstown,2011,9,21.88,9.12,15.5
Bankstown,2011,10,22.9,11.9,17.4
Bankstown,2011,11,27.05,16.35,21.7
Bankstown,2011,12,23.84,14.92,19.38
Bankstown,2012,1,27.38,17.84,22.61
Bankstown,2012,2,26.63,17.68,22.16
Bankstown,2012,3,25.38,15.97,20.68
Bankstown,2012,4,23.94,13.14,18.54
Bankstown,2012,5,20.63,7.51,14.07
Bankstown,2012,6,17.31,6.79,12.05
Bankstown,2012,7,17.49,5.65,11.57
Bankstown,2012,8,19.97,4.82,12.4
Bankstown,2012,9,23.35,7.9,15.62
Bankstown,2012,10,24.67,10.77,17.72
Bankstown,2012,11,25.81,15.06,20.43
Bankstown,2012,12,28.18,17.24,22.71
Bankstown,2013,1,29.68,19.19,24.43
Bankstown,2013,2,27.54,17.99,22.77
Bankstown,2013,3,27.53,16.49,22.01
Bankstown,2013,4,24.07,12.17,18.12
Bankstown,2013,5,20.98,8.77,14.88
Bankstown,2013,6,17.79,8.48,13.13
Bankstown,2013,7,19.01,5.56,12.28
Bankstown,2013,8,21.08,6.39,13.73
Bankstown,2013,9,25.38,10.24,17.81
Bankstown,2013,10,27.37,11.2,19.29
Bankstown,2013,11,25.91,14.36,20.13
Bankstown,2013,12,28.58,16.82,22.7
Bankstown,2014,1,29.29,17.62,23.45
Bankstown,2014,2,27.51,18.66,23.08
Bankstown,2014,3,27.48,17.05,22.26
Bankstown,2014,4,24.39,13.67,19.03
Bankstown,2014,5,22.75,9.46,16.1
Bankstown,2014,6,19.14,7.66,13.4
Bankstown,2014,7,18.95,4.7,11.82
Bankstown,2014,8,18.35,6.91,12.63
Bankstown,2014,9,22.16,9.54,15.85
Bankstown,2014,10,26.28,12.42,19.35
Bankstown,2014,11,27.92,15.77,21.84
Bankstown,2014,12,28.09,18.11,23.1
Bankstown,2015,1,29.27,19.13,24.2
Bankstown,2015,2,28.05,18.3,23.17
Bankstown,2015,3,27.39,15.93,21.66
Bankstown,2015,4,23.03,13.48,18.25
Bankstown,2015,5,20.37,9.75,15.06
Bankstown,2015,6,18.18,7.05,12.62
Bankstown,2015,7,16.96,4.47,10.71
Bankstown,2015,8,19.48,6.05,12.76
Bankstown,2015,9,21.14,8.99,15.06
Bankstown,2015,10,26.76,13.96,20.36
Bankstown,2015,11,27.28,15.93,21.6
Bankstown,2015,12,28.46,16.63,22.54
Bankstown,2016,1,28.69,18.13,23.41
Bankstown,2016,2,30.05,18.6,24.32
Bankstown,2016,3,28.6,17.62,23.11
Bankstown,2016,4,26.06,14.46,20.26
Bankstown,2016,5,23.45,8.62,16.03
Bankstown,2016,6,18.73,8.42,13.58
Bankstown,2016,7,18.68,7.03,12.85
Bankstown,2016,8,19.16,6.6,12.88
Bankstown,2016,9,21.78,10.23,16.01
Bankstown,2016,10,24.61,11.08,17.85
Bankstown,2016,11,28.37,15.08,21.73
Bankstown,2016,12,30.27,18.51,24.39
Bankstown,2017,1,31.83,20.35,26.09
Bankstown,2017,2,30.8,19.67,25.23
Bankstown,2017,3,26.42,18.97,22.69
Bankstown,2017,4,24.05,12.27,18.16
Bankstown,2017,5,21.36,9.32,15.34
Bankstown,2017,6,18.21,7.72,12.97
Bankstown,2017,7,18.87,3.24,11.05
Bankstown,2017,8,19.6,5.54,12.57
Bankstown,2017,9,23.71,7.22,15.47
Bankstown,2017,10,25.75,13.64,19.7
Bankstown,2017,11,25.39,14.73,20.06
Bankstown,2017,12,30.74,18.62,24.68
Bankstown,2018,1,31.25,18.77,25.01
Bankstown,2018,2,29.26,18.06,23.66
Bankstown,2018,3,28.32,17.45,22.89
Bankstown,2018,4,27.76,15.25,21.51
Bankstown,2018,5,22.52,8.47,15.5
Bankstown,2018,6,18.22,6.99,12.61
Bankstown,2018,7,19.97,4.1,12.03
Bankstown,2018,8,19.62,5.06,12.34
Bankstown,2018,9,22.1,7.79,14.94
Bankstown,2018,10,23.33,13.5,18.42
Bankstown,2018,11,26.35,15.01,20.68
Bankstown,2018,12,29.8,17.63,23.72
Bankstown,2019,1,32.33,21.45,26.89
Bankstown,2019,2,29.28,18.02,23.65
Bankstown,2019,3,27.81,17.59,22.7
Bankstown,2019,4,25.69,13.2,19.44
Bankstown,2019,5,22.46,8.74,15.6
Bankstown,2019,6,18.52,7.3,12.91
Bankstown,2019,7,19.18,5.84,12.51
Bankstown,2019,8,19.6,6.01,12.8
Bankstown,2019,9,23.09,9.25,16.17
Bankstown,2019,10,25.79,11.88,18.84
Bankstown,2019,11,28.6,14.6,21.6
Bankstown,2019,12,30.17,16.82,23.49
Bankstown,2020,1,29.95,19.87,24.91
Bankstown,2020,2,28.01,19.23,23.62
Bankstown,2020,3,25.67,16.16,20.92
Bankstown,2020,4,24.53,12.79,18.66
Bankstown,2020,5,20.23,9.06,14.65
Bankstown,2020,6,18.6,7.2,12.9
Bankstown,2020,7,18.05,7.11,12.58
Bankstown,2020,8,19.11,6.63,12.87
Bankstown,2020,9,22.89,9.97,16.43
Bankstown,2020,10,25.26,13.46,19.36
Bankstown,2020,11,27.5,15.62,21.56
Bankstown,2020,12,27.01,17.39,22.2
Bankstown,2021,1,28.93,17.97,23.45
Bankstown,2021,2,26.78,18.11,22.45
Bankstown,2021,3,25.61,16.35,20.98
Bankstown,2021,4,24.29,11.29,17.79
Bankstown,2021,5,20.84,9.69,15.27
Bankstown,2021,6,17.81,6.33,12.07
Bankstown,2021,7,17.83,5.87,11.85
Bankstown,2021,8,20.62,6.47,13.55
Bankstown,2021,9,22.87,8.37,15.62
Bankstown,2021,10,24.48,12.02,18.25
Bankstown,2021,11,23.12,15.08,19.1
Bankstown,2021,12,26.88,16.91,21.89
Bankstown,2022,1,28.14,19.96,24.05
Bankstown,2022,2,27.08,18.14,22.61
Bankstown,2022,3,24.9,17.61,21.26
Bankstown,2022,4,23.7,14.29,19.0
Bankstown,2022,5,20.92,10.5,15.71
Bankstown,2022,6,17.94,5.26,11.6
Bankstown,2022,7,16.87,7.62,12.25
Bankstown,2022,8,19.73,7.57,13.65
Bankstown,2022,9,20.56,10.15,15.35
Bankstown,2022,10,22.65,13.45,18.05
Bankstown,2022,11,24.37,13.36,18.86
Bankstown,2022,12,26.35,14.72,20.53
Bankstown,2023,1,27.56,18.21,22.89
Bankstown,2023,2,28.85,18.42,23.64
Bankstown,2023,3,28.72,17.36,23.04
Bankstown,2023,4,23.33,12.7,18.02
Bankstown,2023,5,20.41,6.47,13.44
Bankstown,2023,6,19.13,5.94,12.53
Bankstown,2023,7,20.2,5.71,12.95
Bankstown,2023,8,20.88,7.32,14.1
Bankstown,2023,9,25.01,9.01,17.01
Bankstown,2023,10,26.2,12.15,19.17
Bankstown,2023,11,25.81,16.3,21.05
Bankstown,2023,12,29.4,18.65,24.03
Bankstown,2024,1,29.19,19.86,24.52
Bankstown,2024,2,29.52,19.34,24.43
Bankstown,2024,3,28.38,16.99,22.68
Bankstown,2024,4,24.5,13.16,18.83
Bankstown,2024,5,20.76,10.67,15.71
Bankstown,2024,6,17.54,6.81,12.17
Bankstown,2024,7,17.59,7.02,12.31
Bankstown,2024,8,21.61,9.56,15.58
Bankstown,2024,9,23.78,9.65,16.72
Bankstown,2024,10,24.29,12.5,18.4
Bankstown,2024,11,27.75,17.19,22.47
Bankstown,2024,12,30.28,18.54,24.41
Bankstown,2025,1,28.65,18.77,23.71
Bankstown,2025,2,28.75,18.7,23.72
Bankstown,2025,3,27.8,18.81,23.31
Bankstown,2025,4,25.59,14.33,19.96
Bankstown,2025,5,21.05,11.86,16.45
Bankstown,2025,6,18.25,5.22,11.73
Bankstown,2025,7,17.92,6.3,12.11
Bankstown,2025,8,18.47,8.42,13.45
Bankstown,2025,9,24.03,10.13,17.08
Bankstown,2025,10,27.93,13.64,20.79
Bankstown,2025,11,28.56,15.02,21.79
Bankstown,2025,12,29.76,16.58,23.17
Melbourne,1996,1,25.41,15.23,20.32
Melbourne,1996,2,24.16,14.24,19.2
Melbourne,1996,3,24.21,13.35,18.78
Melbourne,1996,4,18.45,10.58,14.52
Melbourne,1996,5,17.01,9.98,13.5
Melbourne,1996,6,15.16,7.49,11.32
Melbourne,1996,7,13.63,6.72,10.18
Melbourne,1996,8,15.3,8.09,11.69
Melbourne,1996,9,17.32,8.83,13.08
Melbourne,1996,10,20.25,11.15,15.7
Melbourne,1996,11,21.48,11.32,16.4
Melbourne,1996,12,22.44,12.21,17.32
Melbourne,1997,1,27.75,16.74,22.25
Melbourne,1997,2,30.12,18.63,24.38
Melbourne,1997,3,23.0,13.55,18.28
Melbourne,1997,4,21.14,11.24,16.19
Melbourne,1997,5,16.71,9.97,13.34
Melbourne,1997,6,14.98,8.01,11.5
Melbourne,1997,7,13.78,5.83,9.81
Melbourne,1997,8,14.99,7.1,11.05
Melbourne,1997,9,17.32,8.96,13.14
Melbourne,1997,10,20.78,11.11,15.95
Melbourne,1997,11,23.55,13.1,18.32
Melbourne,1997,12,24.95,14.6,19.77
Melbourne,1998,1,27.21,16.34,21.78
Melbourne,1998,2,27.94,15.39,21.66
Melbourne,1998,3,25.18,14.38,19.78
Melbourne,1998,4,19.55,10.98,15.26
Melbourne,1998,5,17.05,9.72,13.39
Melbourne,1998,6,14.64,7.69,11.17
Melbourne,1998,7,13.53,6.13,9.83
Melbourne,1998,8,16.34,7.62,11.98
Melbourne,1998,9,19.06,10.46,14.76
Melbourne,1998,10,19.65,10.07,14.86
Melbourne,1998,11,21.77,11.68,16.72
Melbourne,1998,12,25.53,14.63,20.08
Melbourne,1999,1,27.54,16.91,22.23
Melbourne,1999,2,28.4,17.31,22.86
Melbourne,1999,3,23.87,14.7,19.29
Melbourne,1999,4,19.63,10.32,14.98
Melbourne,1999,5,18.47,10.38,14.43
Melbourne,1999,6,15.27,8.08,11.67
Melbourne,1999,7,15.16,8.24,11.7
Melbourne,1999,8,16.1,9.25,12.67
Melbourne,1999,9,19.11,10.39,14.75
Melbourne,1999,10,21.15,11.55,16.35
Melbourne,1999,11,22.72,11.88,17.3
Melbourne,1999,12,24.3,14.77,19.54
Melbourne,2000,1,25.46,15.31,20.39
Melbourne,2000,2,30.15,17.7,23.92
Melbourne,2000,3,26.25,15.78,21.02
Melbourne,2000,4,21.83,12.36,17.1
Melbourne,2000,5,16.62,9.72,13.17
Melbourne,2000,6,14.57,8.24,11.4
Melbourne,2000,7,14.41,7.11,10.76
Melbourne,2000,8,15.7,7.54,11.62
Melbourne,2000,9,18.29,9.88,14.08
Melbourne,2000,10,19.06,10.51,14.79
Melbourne,2000,11,23.77,15.17,19.47
Melbourne,2000,12,26.2,14.85,20.52
Melbourne,2001,1,29.07,17.8,23.44
Melbourne,2001,2,29.05,18.27,23.66
Melbourne,2001,3,24.26,14.24,19.25
Melbourne,2001,4,20.47,11.97,16.22
Melbourne,2001,5,17.0,9.74,13.37
Melbourne,2001,6,15.83,9.4,12.62
Melbourne,2001,7,14.66,8.19,11.42
Melbourne,2001,8,15.54,8.68,12.11
Melbourne,2001,9,19.42,10.68,15.05
Melbourne,2001,10,19.49,10.75,15.12
Melbourne,2001,11,20.89,11.72,16.3
Melbourne,2001,12,21.53,12.61,17.07
Melbourne,2002,1,25.14,14.83,19.99
Melbourne,2002,2,25.44,15.21,20.33
Melbourne,2002,3,24.27,14.79,19.53
Melbourne,2002,4,22.2,12.9,17.55
Melbourne,2002,5,18.82,10.11,14.47
Melbourne,2002,6,15.77,8.49,12.13
Melbourne,2002,7,15.35,7.64,11.49
Melbourne,2002,8,16.43,7.63,12.03
Melbourne,2002,9,18.78,9.64,14.21
Melbourne,2002,10,20.98,10.68,15.83
Melbourne,2002,11,23.5,12.32,17.91
Melbourne,2002,12,24.54,14.48,19.51
Melbourne,2003,1,27.53,15.61,21.57
Melbourne,2003,2,26.09,16.92,21.5
Melbourne,2003,3,24.28,15.05,19.66
Melbourne,2003,4,21.22,11.73,16.48
Melbourne,2003,5,18.83,9.74,14.28
Melbourne,2003,6,15.42,8.87,12.15
Melbourne,2003,7,14.74,7.24,10.99
Melbourne,2003,8,14.99,7.32,11.15
Melbourne,2003,9,17.42,8.27,12.85
Melbourne,2003,10,17.66,9.54,13.6
Melbourne,2003,11,23.74,12.85,18.29
Melbourne,2003,12,27.19,15.87,21.53
Melbourne,2004,1,24.61,14.3,19.45
Melbourne,2004,2,25.98,15.52,20.75
Melbourne,2004,3,23.79,14.14,18.97
Melbourne,2004,4,21.55,12.25,16.9
Melbourne,2004,5,17.39,9.24,13.31
Melbourne,2004,6,14.88,8.73,11.81
Melbourne,2004,7,14.21,7.73,10.97
Melbourne,2004,8,16.38,8.02,12.2
Melbourne,2004,9,17.32,9.87,13.59
Melbourne,2004,10,21.11,11.45,16.28
Melbourne,2004,11,22.4,12.9,17.65
Melbourne,2004,12,24.94,14.51,19.73
Melbourne,2005,1,26.52,15.95,21.23
Melbourne,2005,2,24.42,14.55,19.48
Melbourne,2005,3,23.91,13.7,18.8
Melbourne,2005,4,24.09,13.48,18.78
Melbourne,2005,5,18.48,9.7,14.09
Melbourne,2005,6,16.25,8.5,12.38
Melbourne,2005,7,15.29,8.38,11.84
Melbourne,2005,8,16.2,8.25,12.22
Melbourne,2005,9,18.16,9.5,13.83
Melbourne,2005,10,21.42,11.93,16.67
Melbourne,2005,11,24.53,13.88,19.2
Melbourne,2005,12,27.71,14.55,21.13
Melbourne,2006,1,27.72,17.26,22.49
Melbourne,2006,2,25.26,15.8,20.53
Melbourne,2006,3,26.15,15.35,20.75
Melbourne,2006,4,19.32,10.8,15.06
Melbourne,2006,5,16.49,8.89,12.69
Melbourne,2006,6,14.3,6.29,10.29
Melbourne,2006,7,14.5,7.49,10.99
Melbourne,2006,8,16.97,7.87,12.42
Melbourne,2006,9,19.73,9.4,14.57
Melbourne,2006,10,21.92,10.3,16.11
Melbourne,2006,11,22.55,12.06,17.3
Melbourne,2006,12,25.38,13.38,19.38
Melbourne,2007,1,27.87,17.12,22.5
Melbourne,2007,2,28.95,18.28,23.62
Melbourne,2007,3,25.75,15.2,20.48
Melbourne,2007,4,22.74,12.31,17.53
Melbourne,2007,5,19.63,12.57,16.1
Melbourne,2007,6,14.06,7.22,10.64
Melbourne,2007,7,13.84,6.89,10.36
Melbourne,2007,8,17.28,8.92,13.1
Melbourne,2007,9,18.84,9.33,14.08
Melbourne,2007,10,21.39,11.56,16.48
Melbourne,2007,11,24.39,14.28,19.33
Melbourne,2007,12,26.75,15.82,21.29
Melbourne,2008,1,27.93,17.62,22.77
Melbourne,2008,2,24.93,15.9,20.42
Melbourne,2008,3,27.09,14.63,20.86
Melbourne,2008,4,20.99,11.18,16.09
Melbourne,2008,5,17.35,9.04,13.19
Melbourne,2008,6,15.81,9.83,12.82
Melbourne,2008,7,14.22,6.79,10.51
Melbourne,2008,8,14.67,7.34,11.0
Melbourne,2008,9,19.39,9.75,14.57
Melbourne,2008,10,22.11,11.56,16.83
Melbourne,2008,11,22.99,12.61,17.8
Melbourne,2008,12,23.25,13.41,18.33
Melbourne,2009,1,28.63,15.72,22.17
Melbourne,2009,2,28.1,16.46,22.28
Melbourne,2009,3,24.35,14.48,19.42
Melbourne,2009,4,21.0,11.61,16.31
Melbourne,2009,5,17.91,9.6,13.75
Melbourne,2009,6,15.55,7.65,11.6
Melbourne,2009,7,15.17,8.15,11.66
Melbourne,2009,8,16.87,9.16,13.02
Melbourne,2009,9,18.57,9.93,14.25
Melbourne,2009,10,19.93,10.62,15.28
Melbourne,2009,11,27.13,15.9,21.52
Melbourne,2009,12,25.95,14.72,20.33
Melbourne,2010,1,27.51,15.94,21.72
Melbourne,2010,2,28.17,18.18,23.17
Melbourne,2010,3,26.2,16.26,21.23
Melbourne,2010,4,22.89,14.45,18.67
Melbourne,2010,5,18.22,9.78,14.0
Melbourne,2010,6,14.65,7.52,11.08
Melbourne,2010,7,14.61,7.25,10.93
Melbourne,2010,8,14.69,7.63,11.16
Melbourne,2010,9,16.53,9.13,12.83
Melbourne,2010,10,20.65,10.92,15.79
Melbourne,2010,11,23.19,13.39,18.29
Melbourne,2010,12,24.78,14.51,19.65
Melbourne,2011,1,26.5,17.0,21.75
Melbourne,2011,2,25.27,16.32,20.8
Melbourne,2011,3,23.47,14.88,19.18
Melbourne,2011,4,21.16,11.7,16.43
Melbourne,2011,5,16.32,9.63,12.97
Melbourne,2011,6,15.8,7.84,11.82
Melbourne,2011,7,14.59,7.73,11.16
Melbourne,2011,8,17.37,9.02,13.2
Melbourne,2011,9,19.4,9.79,14.6
Melbourne,2011,10,20.82,11.4,16.11
Melbourne,2011,11,24.49,14.09,19.29
Melbourne,2011,12,25.11,14.95,20.03
Melbourne,2012,1,27.39,17.28,22.34
Melbourne,2012,2,26.96,16.74,21.85
Melbourne,2012,3,23.65,14.53,19.09
Melbourne,2012,4,21.93,12.07,17.0
Melbourne,2012,5,16.96,10.03,13.49
Melbourne,2012,6,14.44,7.97,11.2
Melbourne,2012,7,14.9,7.67,11.28
Melbourne,2012,8,15.24,8.05,11.65
Melbourne,2012,9,18.56,9.89,14.23
Melbourne,2012,10,20.75,10.77,15.76
Melbourne,2012,11,23.3,13.72,18.51
Melbourne,2012,12,25.7,15.09,20.4
Melbourne,2013,1,,,
Melbourne,2013,2,,,
Melbourne,2013,3,,,
Melbourne,2013,4,,,
Melbourne,2013,5,,,
Melbourne,2013,6,14.85,6.85,10.85
Melbourne,2013,7,15.71,8.19,11.95
Melbourne,2013,8,16.27,9.18,12.72
Melbourne,2013,9,19.48,10.89,15.18
Melbourne,2013,10,19.1,10.93,15.01
Melbourne,2013,11,20.79,12.02,16.4
Melbourne,2013,12,23.7,13.87,18.79
Melbourne,2014,1,27.34,16.53,21.94
Melbourne,2014,2,27.14,16.26,21.7
Melbourne,2014,3,24.43,14.76,19.6
Melbourne,2014,4,20.57,12.92,16.75
Melbourne,2014,5,19.04,11.0,15.02
Melbourne,2014,6,15.41,9.61,12.51
Melbourne,2014,7,14.46,8.37,11.42
Melbourne,2014,8,15.44,7.59,11.51
Melbourne,2014,9,18.53,9.78,14.16
Melbourne,2014,10,21.69,11.02,16.36
Melbourne,2014,11,22.75,12.7,17.72
Melbourne,2014,12,23.93,14.76,19.35
Melbourne,2015,1,25.85,15.89,20.87
Melbourne,2015,2,26.37,16.74,21.56
Melbourne,2015,3,22.72,13.11,17.92
Melbourne,2015,4,19.24,10.56,14.9
Melbourne,2015,5,17.13,9.8,13.47
Melbourne,2015,6,14.43,7.7,11.07
Melbourne,2015,7,13.29,6.8,10.05
Melbourne,2015,8,13.85,7.93,10.89
Melbourne,2015,9,17.26,9.08,13.17
Melbourne,2015,10,24.33,12.35,18.34
Melbourne,2015,11,22.73,12.98,17.85
Melbourne,2015,12,27.45,15.05,21.25
Melbourne,2016,1,25.98,16.67,21.33
Melbourne,2016,2,25.1,16.51,20.8
Melbourne,2016,3,24.86,15.85,20.35
Melbourne,2016,4,22.44,13.02,17.73
Melbourne,2016,5,18.59,11.39,14.99
Melbourne,2016,6,14.22,7.98,11.1
Melbourne,2016,7,14.6,8.24,11.42
Melbourne,2016,8,15.91,8.4,12.16
Melbourne,2016,9,16.71,10.09,13.4
Melbourne,2016,10,19.25,10.03,14.64
Melbourne,2016,11,20.81,11.68,16.24
Melbourne,2016,12,25.51,14.58,20.05
Melbourne,2017,1,26.46,16.4,21.43
Melbourne,2017,2,25.85,14.81,20.33
Melbourne,2017,3,26.86,16.43,21.65
Melbourne,2017,4,20.83,12.27,16.55
Melbourne,2017,5,17.24,9.25,13.25
Melbourne,2017,6,14.93,6.8,10.86
Melbourne,2017,7,14.55,6.64,10.59
Melbourne,2017,8,14.78,7.44,11.11
Melbourne,2017,9,17.77,8.99,13.38
Melbourne,2017,10,20.69,11.05,15.87
Melbourne,2017,11,25.92,14.87,20.39
Melbourne,2017,12,24.97,15.19,20.08
Melbourne,2018,1,27.18,17.33,22.25
Melbourne,2018,2,26.99,16.59,21.79
Melbourne,2018,3,24.93,14.57,19.75
Melbourne,2018,4,21.84,12.35,17.1
Melbourne,2018,5,17.65,10.54,14.09
Melbourne,2018,6,14.25,6.78,10.51
Melbourne,2018,7,14.84,7.83,11.33
Melbourne,2018,8,15.08,7.16,11.12
Melbourne,2018,9,17.23,8.08,12.66
Melbourne,2018,10,21.35,11.21,16.28
Melbourne,2018,11,21.96,12.49,17.23
Melbourne,2018,12,25.73,16.03,20.88
Melbourne,2019,1,28.38,17.48,22.93
Melbourne,2019,2,26.01,15.79,20.9
Melbourne,2019,3,24.76,15.23,20.0
Melbourne,2019,4,22.05,11.97,17.01
Melbourne,2019,5,17.82,10.62,14.22
Melbourne,2019,6,15.47,8.28,11.88
Melbourne,2019,7,15.0,8.22,11.61
Melbourne,2019,8,14.47,7.4,10.94
Melbourne,2019,9,17.76,9.08,13.42
Melbourne,2019,10,21.33,10.72,16.02
Melbourne,2019,11,21.79,11.2,16.5
Melbourne,2019,12,24.55,14.03,19.29
Melbourne,2020,1,26.94,15.09,21.01
Melbourne,2020,2,24.41,15.91,20.16
Melbourne,2020,3,22.93,13.93,18.43
Melbourne,2020,4,19.31,11.64,15.48
Melbourne,2020,5,16.37,8.69,12.53
Melbourne,2020,6,14.85,7.15,11.0
Melbourne,2020,7,13.98,7.06,10.52
Melbourne,2020,8,15.15,7.59,11.37
Melbourne,2020,9,18.08,9.79,13.93
Melbourne,2020,10,19.15,10.9,15.03
Melbourne,2020,11,24.46,14.03,19.24
Melbourne,2020,12,22.87,13.14,18.01
Melbourne,2021,1,25.23,15.44,20.34
Melbourne,2021,2,24.55,14.88,19.71
Melbourne,2021,3,22.03,13.61,17.82
Melbourne,2021,4,20.21,11.86,16.04
Melbourne,2021,5,17.77,8.95,13.36
Melbourne,2021,6,15.34,7.7,11.52
Melbourne,2021,7,14.3,7.63,10.96
Melbourne,2021,8,16.36,8.51,12.44
Melbourne,2021,9,18.22,9.55,13.89
Melbourne,2021,10,19.37,10.16,14.77
Melbourne,2021,11,20.56,11.81,16.18
Melbourne,2021,12,24.28,13.85,19.07
Melbourne,2022,1,29.1,18.34,23.72
Melbourne,2022,2,25.15,15.91,20.53
Melbourne,2022,3,24.35,15.71,20.03
Melbourne,2022,4,21.08,12.85,16.96
Melbourne,2022,5,16.75,9.44,13.1
Melbourne,2022,6,14.06,8.23,11.14
Melbourne,2022,7,14.02,6.21,10.11
Melbourne,2022,8,15.59,8.32,11.95
Melbourne,2022,9,16.57,9.07,12.82
Melbourne,2022,10,19.16,10.65,14.91
Melbourne,2022,11,20.25,11.75,16.0
Melbourne,2022,12,23.86,13.3,18.58
Melbourne,2023,1,26.09,16.62,21.36
Melbourne,2023,2,25.0,15.85,20.42
Melbourne,2023,3,23.01,14.49,18.75
Melbourne,2023,4,20.19,11.93,16.06
Melbourne,2023,5,16.41,9.04,12.73
Melbourne,2023,6,15.19,8.89,12.04
Melbourne,2023,7,15.36,8.66,12.01
Melbourne,2023,8,15.84,8.63,12.23
Melbourne,2023,9,20.11,9.64,14.88
Melbourne,2023,10,19.25,10.44,14.84
Melbourne,2023,11,21.58,13.7,17.64
Melbourne,2023,12,23.79,15.05,19.42
Melbourne,2024,1,25.32,16.54,20.93
Melbourne,2024,2,26.45,15.93,21.19
Melbourne,2024,3,25.07,14.94,20.0
Melbourne,2024,4,19.11,11.3,15.2
Melbourne,2024,5,17.3,8.55,12.93
Melbourne,2024,6,14.23,6.85,10.54
Melbourne,2024,7,13.41,7.12,10.26
Melbourne,2024,8,18.25,9.41,13.83
Melbourne,2024,9,17.77,10.11,13.94
Melbourne,2024,10,20.76,11.37,16.07
Melbourne,2024,11,23.88,13.89,18.88
Melbourne,2024,12,26.49,15.3,20.89
Melbourne,2025,1,27.11,16.43,21.77
Melbourne,2025,2,27.56,16.88,22.22
Melbourne,2025,3,26.11,15.29,20.7
Melbourne,2025,4,23.22,13.65,18.44
Melbourne,2025,5,18.58,9.07,13.83
Melbourne,2025,6,14.43,7.08,10.76
Melbourne,2025,7,14.83,7.21,11.02
Melbourne,2025,8,15.97,6.37,11.17
Melbourne,2025,9,18.35,10.1,14.22
Melbourne,2025,10,20.48,10.67,15.58
Melbourne,2025,11,20.48,11.78,16.13
Melbourne,2025,12,23.88,13.47,18.67
